#LESSON	1	Đăng ký cư trú và giấy tờ	A2	Anmeldung, Bürgeramt, Ausländerbehörde - từ cần cho những tuần đầu ở Đức.
1	die Anmeldung, -en	Nomen	A2	việc đăng ký cư trú	registration (of address)	ˈanˌmɛldʊŋ	Für die Anmeldung brauchen Sie Ihren Pass.	Để đăng ký cư trú, bạn cần hộ chiếu.	Anmeldung
1	das Bürgeramt, ¨er	Nomen	A2	văn phòng hành chính công dân	citizens' office	ˈbʏʁɡɐʔamt	Das Bürgeramt ist am Montag geschlossen.	Văn phòng hành chính công dân đóng cửa vào thứ Hai.	Bürgeramt
1	die Ausländerbehörde, -n	Nomen	B1	sở ngoại kiều	immigration office	ˈaʊ̯slɛndɐbəˌhøːɐ̯də	Ich habe morgen einen Termin bei der Ausländerbehörde.	Ngày mai tôi có lịch hẹn ở sở ngoại kiều.	Ausländerbehörde
1	der Termin, -e	Nomen	A1	cuộc hẹn, lịch hẹn	appointment	tɛʁˈmiːn	Ich möchte einen Termin vereinbaren.	Tôi muốn đặt một lịch hẹn.	Termin
1	der Aufenthaltstitel, -	Nomen	B1	giấy phép cư trú	residence permit	ˈaʊ̯fʔɛnthaltsˌtiːtl̩	Mein Aufenthaltstitel ist noch zwei Jahre gültig.	Giấy phép cư trú của tôi còn hiệu lực hai năm nữa.	Aufenthaltstitel
1	das Visum, Visa	Nomen	A2	thị thực, visa	visa	ˈviːzʊm	Für ein Studium in Deutschland brauche ich ein Visum.	Tôi cần visa để du học ở Đức.	Visum
1	der Reisepass, ¨e	Nomen	A2	hộ chiếu	passport	ˈʁaɪ̯zəˌpas	Bitte zeigen Sie mir Ihren Reisepass.	Vui lòng cho tôi xem hộ chiếu của bạn.	Reisepass
1	der Personalausweis, -e	Nomen	A2	chứng minh thư, thẻ căn cước	identity card	pɛʁzoˈnaːlʔaʊ̯sˌvaɪ̯s	Deutsche Staatsbürger haben einen Personalausweis.	Công dân Đức có thẻ căn cước.	Personalausweis
1	das Formular, -e	Nomen	A1	mẫu đơn	form	fɔʁmuˈlaːɐ̯	Füllen Sie bitte dieses Formular aus.	Vui lòng điền vào mẫu đơn này.	Formular
1	ausfüllen	Verb	A1	điền (đơn, mẫu)	to fill in	ˈaʊ̯sˌfʏlən	Ich fülle das Formular mit einem Kuli aus.	Tôi điền mẫu đơn bằng bút bi.	fülle
1	unterschreiben	Verb	A2	ký tên	to sign	ʊntɐˈʃʁaɪ̯bn̩	Bitte unterschreiben Sie hier.	Vui lòng ký tên ở đây.	unterschreiben
1	die Unterschrift, -en	Nomen	A2	chữ ký	signature	ˈʊntɐˌʃʁɪft	Hier fehlt noch Ihre Unterschrift.	Ở đây còn thiếu chữ ký của bạn.	Unterschrift
1	die Wohnungsgeberbestätigung, -en	Nomen	B1	giấy xác nhận của chủ nhà (để đăng ký cư trú)	landlord's confirmation	ˈvoːnʊŋsˌɡeːbɐbəˌʃtɛːtɪɡʊŋ	Ohne Wohnungsgeberbestätigung können Sie sich nicht anmelden.	Không có giấy xác nhận của chủ nhà thì bạn không đăng ký cư trú được.	Wohnungsgeberbestätigung
1	anmelden (sich)	Verb	A2	đăng ký (cư trú)	to register (one's address)	ˈanˌmɛldn̩	Nach dem Umzug muss man sich innerhalb von zwei Wochen anmelden.	Sau khi chuyển nhà, phải đăng ký cư trú trong vòng hai tuần.	anmelden
1	ummelden (sich)	Verb	B1	đăng ký lại địa chỉ (khi chuyển nhà)	to re-register (new address)	ˈʊmˌmɛldn̩	Wenn Sie in eine andere Stadt ziehen, müssen Sie sich ummelden.	Nếu chuyển sang thành phố khác, bạn phải đăng ký lại địa chỉ.	ummelden
1	die Steuer-ID, -s	Nomen	B1	mã số thuế	tax ID	ˈʃtɔɪ̯ɐʔaɪ̯ˌdiː	Die Steuer-ID kommt einige Wochen nach der Anmeldung per Post.	Mã số thuế được gửi qua bưu điện vài tuần sau khi đăng ký cư trú.	Steuer-ID
1	die Gebühr, -en	Nomen	A2	lệ phí	fee	ɡəˈbyːɐ̯	Die Gebühr können Sie auch mit Karte bezahlen.	Bạn cũng có thể trả lệ phí bằng thẻ.	Gebühr
1	die Bescheinigung, -en	Nomen	B1	giấy xác nhận, giấy chứng nhận	certificate, confirmation	bəˈʃaɪ̯nɪɡʊŋ	Sie bekommen sofort eine Bescheinigung über Ihre Anmeldung.	Bạn sẽ nhận ngay giấy xác nhận đã đăng ký cư trú.	Bescheinigung
1	die Wartenummer, -n	Nomen	A2	số thứ tự chờ	queue number	ˈvaʁtəˌnʊmɐ	Ziehen Sie bitte eine Wartenummer.	Vui lòng lấy số thứ tự.	Wartenummer
1	der Antrag, ¨e	Nomen	B1	đơn (đề nghị, xin cấp)	application	ˈanˌtʁaːk	Ich möchte einen Antrag auf Kindergeld stellen.	Tôi muốn nộp đơn xin trợ cấp nuôi con.	Antrag
1	beantragen	Verb	B1	nộp đơn xin (cấp)	to apply for	bəˈʔanˌtʁaːɡn̩	Wo kann ich ein Visum beantragen?	Tôi có thể xin visa ở đâu?	beantragen
1	die Staatsangehörigkeit, -en	Nomen	B1	quốc tịch	nationality	ˈʃtaːtsʔanɡəˌhøːʁɪçkaɪ̯t	Welche Staatsangehörigkeit haben Sie?	Bạn mang quốc tịch nào?	Staatsangehörigkeit
1	der Wohnsitz, -e	Nomen	B1	nơi cư trú	place of residence	ˈvoːnˌzɪts	Mein Wohnsitz ist jetzt in Leipzig.	Nơi cư trú của tôi bây giờ là Leipzig.	Wohnsitz
1	die Kopie, -n	Nomen	A2	bản sao	copy	koˈpiː	Bringen Sie bitte eine Kopie von Ihrem Mietvertrag mit.	Vui lòng mang theo bản sao hợp đồng thuê nhà.	Kopie
1	gültig	Adjektiv/Adverb	A2	còn hiệu lực	valid	ˈɡʏltɪç	Ihr Pass ist leider nicht mehr gültig.	Rất tiếc, hộ chiếu của bạn không còn hiệu lực.	gültig
#LESSON	2	Thuê nhà	A2	Kaltmiete, Kaution, Nebenkosten - đọc tin cho thuê và hợp đồng thuê nhà.
2	die Miete, -n	Nomen	A1	tiền thuê nhà	rent	ˈmiːtə	Die Miete zahle ich am Anfang des Monats.	Tôi trả tiền thuê nhà vào đầu tháng.	Miete
2	die Kaltmiete, -n	Nomen	B1	tiền thuê nhà chưa gồm phí phụ	rent excluding utilities	ˈkaltˌmiːtə	Die Kaltmiete beträgt 600 Euro.	Tiền thuê chưa gồm phí phụ là 600 euro.	Kaltmiete
2	die Warmmiete, -n	Nomen	B1	tiền thuê nhà đã gồm phí phụ	rent including utilities	ˈvaʁmˌmiːtə	Mit Heizung und Wasser beträgt die Warmmiete 780 Euro.	Tính cả sưởi và nước thì tiền thuê trọn gói là 780 euro.	Warmmiete
2	die Nebenkosten (Pl.)	Nomen	A2	phí phụ (sưởi, nước, rác…)	additional costs, utilities	ˈneːbn̩ˌkɔstn̩	Im Winter sind die Nebenkosten höher.	Vào mùa đông phí phụ cao hơn.	Nebenkosten
2	die Kaution, -en	Nomen	A2	tiền đặt cọc	deposit	kaʊ̯ˈtsi̯oːn	Die Kaution beträgt drei Monatsmieten.	Tiền đặt cọc bằng ba tháng tiền thuê.	Kaution
2	der Mietvertrag, ¨e	Nomen	A2	hợp đồng thuê nhà	rental contract	ˈmiːtfɛɐ̯ˌtʁaːk	Lesen Sie den Mietvertrag genau, bevor Sie unterschreiben.	Hãy đọc kỹ hợp đồng thuê nhà trước khi ký.	Mietvertrag
2	der Vermieter, -/die Vermieterin, -nen	Nomen	A2	chủ nhà (người cho thuê)	landlord	fɛɐ̯ˈmiːtɐ	Der Vermieter wohnt im Erdgeschoss.	Chủ nhà sống ở tầng trệt.	Vermieter
2	der Mieter, -/die Mieterin, -nen	Nomen	A2	người thuê nhà	tenant	ˈmiːtɐ	Alle Mieter müssen den Müll trennen.	Tất cả người thuê nhà phải phân loại rác.	Mieter
2	die WG, -s	Nomen	A2	nhà ở ghép (nhiều người thuê chung)	shared flat	veːˈɡeː	Ich wohne in einer WG mit drei Studenten.	Tôi ở ghép với ba sinh viên.	WG
2	die Besichtigung, -en	Nomen	B1	buổi xem nhà	viewing	bəˈzɪçtɪɡʊŋ	Zur Besichtigung kommen oft zwanzig Leute.	Buổi xem nhà thường có hai mươi người đến.	Besichtigung
2	besichtigen	Verb	B1	xem (nhà), tham quan	to view, to visit	bəˈzɪçtɪɡn̩	Können wir die Wohnung am Samstag besichtigen?	Chúng tôi có thể xem căn hộ vào thứ Bảy không?	besichtigen
2	die Wohnungsanzeige, -n	Nomen	B1	tin cho thuê nhà	apartment listing	ˈvoːnʊŋsˌʔantsaɪ̯ɡə	Ich lese jeden Tag die Wohnungsanzeigen im Internet.	Ngày nào tôi cũng đọc tin cho thuê nhà trên mạng.	Wohnungsanzeigen
2	möbliert	Adjektiv/Adverb	B1	có sẵn nội thất	furnished	møˈbliːɐ̯t	Das Zimmer ist möbliert.	Căn phòng có sẵn nội thất.	möbliert
2	der Quadratmeter, -	Nomen	A2	mét vuông	square metre	kvaˈdʁaːtˌmeːtɐ	Die Wohnung hat 45 Quadratmeter.	Căn hộ rộng 45 mét vuông.	Quadratmeter
2	die Heizung, -en	Nomen	A2	hệ thống sưởi, lò sưởi	heating	ˈhaɪ̯tsʊŋ	Die Heizung funktioniert nicht.	Lò sưởi không hoạt động.	Heizung
2	der Hausmeister, -/die Hausmeisterin, -nen	Nomen	A2	người quản lý tòa nhà	caretaker	ˈhaʊ̯sˌmaɪ̯stɐ	Rufen Sie den Hausmeister, wenn etwas kaputt ist.	Hãy gọi người quản lý tòa nhà khi có gì bị hỏng.	Hausmeister
2	umziehen	Verb	A2	chuyển nhà	to move (house)	ˈʊmˌtsiːən	Wir ziehen nächsten Monat nach Hamburg um.	Tháng sau chúng tôi chuyển đến Hamburg.	ziehen
2	der Umzug, ¨e	Nomen	A2	việc chuyển nhà	move, relocation	ˈʊmˌtsuːk	Der Umzug war sehr anstrengend.	Việc chuyển nhà rất mệt.	Umzug
2	kündigen	Verb	B1	chấm dứt (hợp đồng), xin nghỉ	to give notice, to cancel	ˈkʏndɪɡn̩	Ich habe meine Wohnung zum 31. März gekündigt.	Tôi đã báo trả nhà vào ngày 31 tháng Ba.	gekündigt
2	die Kündigungsfrist, -en	Nomen	B1	thời hạn báo trước (khi chấm dứt hợp đồng)	notice period	ˈkʏndɪɡʊŋsˌfʁɪst	Die Kündigungsfrist beträgt drei Monate.	Thời hạn báo trước là ba tháng.	Kündigungsfrist
2	der Nachmieter, -/die Nachmieterin, -nen	Nomen	B1	người thuê tiếp theo	next tenant	ˈnaːxˌmiːtɐ	Wir suchen einen Nachmieter für unsere Wohnung.	Chúng tôi đang tìm người thuê tiếp căn hộ của mình.	Nachmieter
2	die Hausordnung, -en	Nomen	B1	nội quy tòa nhà	house rules	ˈhaʊ̯sʔɔʁdnʊŋ	Laut Hausordnung ist ab 22 Uhr Ruhe.	Theo nội quy tòa nhà, từ 22 giờ phải giữ yên lặng.	Hausordnung
2	der Schlüssel, -	Nomen	A1	chìa khóa	key	ˈʃlʏsl̩	Ich habe meinen Schlüssel verloren.	Tôi bị mất chìa khóa.	Schlüssel
2	die Einbauküche, -n	Nomen	B1	bếp lắp sẵn	fitted kitchen	ˈaɪ̯nbaʊ̯ˌkʏçə	Die Wohnung hat eine Einbauküche.	Căn hộ có bếp lắp sẵn.	Einbauküche
2	der Strom (Sg.)	Nomen	A2	điện	electricity	ʃtʁoːm	Der Strom ist in der Miete nicht enthalten.	Tiền điện không bao gồm trong tiền thuê nhà.	Strom
#LESSON	3	Khám bệnh và nhà thuốc	A2	Hausarzt, Krankenkasse, Rezept - đi khám, mua thuốc, xin giấy nghỉ ốm.
3	der Hausarzt, ¨e/die Hausärztin, -nen	Nomen	A2	bác sĩ gia đình	family doctor, GP	ˈhaʊ̯sʔaːɐ̯tst	Zuerst gehen Sie zu Ihrem Hausarzt.	Trước tiên bạn hãy đến bác sĩ gia đình.	Hausarzt
3	die Arztpraxis, Arztpraxen	Nomen	A2	phòng khám	doctor's practice	ˈaːɐ̯tstˌpʁaksɪs	Die Arztpraxis ist am Mittwochnachmittag geschlossen.	Phòng khám đóng cửa vào chiều thứ Tư.	Arztpraxis
3	die Krankenkasse, -n	Nomen	A2	quỹ bảo hiểm y tế	health insurance fund	ˈkʁaŋkn̩ˌkasə	Bei welcher Krankenkasse sind Sie versichert?	Bạn tham gia bảo hiểm ở quỹ bảo hiểm y tế nào?	Krankenkasse
3	die Versichertenkarte, -n	Nomen	A2	thẻ bảo hiểm y tế	health insurance card	fɛɐ̯ˈzɪçɐtn̩ˌkaʁtə	Bringen Sie bitte Ihre Versichertenkarte mit.	Vui lòng mang theo thẻ bảo hiểm y tế.	Versichertenkarte
3	versichert	Adjektiv/Adverb	A2	có bảo hiểm	insured	fɛɐ̯ˈzɪçɐt	Sind Sie gesetzlich oder privat versichert?	Bạn có bảo hiểm nhà nước hay bảo hiểm tư nhân?	versichert
3	die Überweisung, -en	Nomen	B1	giấy chuyển tuyến (của bác sĩ); chuyển khoản	referral; bank transfer	ˌyːbɐˈvaɪ̯zʊŋ	Für den Facharzt brauchen Sie eine Überweisung.	Để khám bác sĩ chuyên khoa, bạn cần giấy chuyển tuyến.	Überweisung
3	der Facharzt, ¨e/die Fachärztin, -nen	Nomen	B1	bác sĩ chuyên khoa	specialist	ˈfaxʔaːɐ̯tst	Ich warte schon seit Wochen auf einen Termin beim Facharzt.	Tôi đã chờ lịch hẹn với bác sĩ chuyên khoa mấy tuần nay rồi.	Facharzt
3	das Rezept, -e	Nomen	A2	đơn thuốc; công thức nấu ăn	prescription; recipe	ʁeˈtsɛpt	Dieses Medikament gibt es nur mit Rezept.	Thuốc này chỉ bán theo đơn.	Rezept
3	die Apotheke, -n	Nomen	A1	nhà thuốc	pharmacy	apoˈteːkə	Die Apotheke am Bahnhof hat heute Notdienst.	Hôm nay nhà thuốc ở nhà ga trực ngoài giờ.	Apotheke
3	das Medikament, -e	Nomen	A2	thuốc	medicine	medikaˈmɛnt	Nehmen Sie das Medikament dreimal täglich.	Uống thuốc này ba lần mỗi ngày.	Medikament
3	die Tablette, -n	Nomen	A2	viên thuốc	tablet, pill	taˈblɛtə	Nehmen Sie eine Tablette nach dem Essen.	Uống một viên sau bữa ăn.	Tablette
3	die Krankmeldung, -en	Nomen	B1	giấy báo ốm (nộp cho chỗ làm)	sick note	ˈkʁaŋkˌmɛldʊŋ	Ab dem dritten Tag braucht mein Chef eine Krankmeldung.	Từ ngày nghỉ thứ ba, sếp tôi cần giấy báo ốm.	Krankmeldung
3	krankschreiben	Verb	B1	cho nghỉ ốm (bác sĩ viết giấy)	to sign off sick	ˈkʁaŋkˌʃʁaɪ̯bn̩	Die Ärztin hat mich für drei Tage krankgeschrieben.	Bác sĩ cho tôi nghỉ ốm ba ngày.	krankgeschrieben
3	die Sprechstunde, -n	Nomen	A2	giờ khám bệnh	consultation hours	ˈʃpʁɛçˌʃtʊndə	Die Sprechstunde beginnt um acht Uhr.	Giờ khám bắt đầu lúc tám giờ.	Sprechstunde
3	das Wartezimmer, -	Nomen	A2	phòng chờ	waiting room	ˈvaʁtəˌtsɪmɐ	Bitte nehmen Sie im Wartezimmer Platz.	Mời bạn ngồi chờ ở phòng chờ.	Wartezimmer
3	der Schmerz, -en	Nomen	A2	cơn đau	pain	ʃmɛʁts	Ich habe starke Schmerzen im Rücken.	Tôi bị đau lưng dữ dội.	Schmerzen
3	das Fieber (Sg.)	Nomen	A1	sốt	fever	ˈfiːbɐ	Mein Sohn hat seit gestern Fieber.	Con trai tôi bị sốt từ hôm qua.	Fieber
3	die Erkältung, -en	Nomen	A2	cảm lạnh	cold	ɛɐ̯ˈkɛltʊŋ	Gegen eine Erkältung hilft Tee mit Honig.	Trà mật ong giúp đỡ cảm lạnh.	Erkältung
3	der Notdienst, -e	Nomen	B1	dịch vụ trực ngoài giờ (nhà thuốc, bác sĩ)	emergency service (out of hours)	ˈnoːtˌdiːnst	Am Wochenende hat nur eine Apotheke in der Stadt Notdienst.	Cuối tuần trong thành phố chỉ có một nhà thuốc trực.	Notdienst
3	die Zuzahlung, -en	Nomen	B1	khoản tự trả thêm (khi mua thuốc)	co-payment	ˈtsuːˌtsaːlʊŋ	Für viele Medikamente zahlt man eine kleine Zuzahlung.	Với nhiều loại thuốc, người bệnh tự trả thêm một khoản nhỏ.	Zuzahlung
3	untersuchen	Verb	A2	khám (bệnh), kiểm tra	to examine	ʊntɐˈzuːxn̩	Der Arzt untersucht das Kind.	Bác sĩ khám cho đứa trẻ.	untersucht
3	die Impfung, -en	Nomen	B1	sự tiêm chủng	vaccination	ˈɪmpfʊŋ	Die Impfung ist für Kinder kostenlos.	Việc tiêm chủng miễn phí cho trẻ em.	Impfung
3	die Allergie, -n	Nomen	A2	dị ứng	allergy	alɛʁˈɡiː	Haben Sie eine Allergie gegen Medikamente?	Bạn có bị dị ứng với thuốc nào không?	Allergie
3	wehtun	Verb	A1	đau	to hurt	ˈveːˌtuːn	Mir tut der Kopf weh.	Tôi bị đau đầu.	tut
3	gute Besserung	Redewendung	A1	chúc mau khỏe	get well soon	ˈɡuːtə ˈbɛsəʁʊŋ	Gute Besserung und bleib im Bett!	Chúc mau khỏe, nhớ nằm nghỉ nhé!	Gute Besserung
#LESSON	4	Ngân hàng	A2	Girokonto, IBAN, Dauerauftrag - mở tài khoản, chuyển khoản, đọc hóa đơn.
4	die Bank, -en	Nomen	A1	ngân hàng	bank	baŋk	Ich gehe heute zur Bank.	Hôm nay tôi đi ngân hàng.	Bank
4	das Konto, Konten	Nomen	A2	tài khoản	account	ˈkɔnto	Ich möchte ein Konto eröffnen.	Tôi muốn mở một tài khoản.	Konto
4	das Girokonto, Girokonten	Nomen	B1	tài khoản thanh toán	current account	ˈʒiːʁoˌkɔnto	Für das Gehalt brauchen Sie ein Girokonto.	Bạn cần tài khoản thanh toán để nhận lương.	Girokonto
4	eröffnen	Verb	B1	mở (tài khoản, cửa hàng)	to open	ɛɐ̯ˈʔœfnən	Online kann man ein Konto in zehn Minuten eröffnen.	Trên mạng có thể mở tài khoản trong mười phút.	eröffnen
4	überweisen	Verb	A2	chuyển khoản	to transfer (money)	ˌyːbɐˈvaɪ̯zn̩	Ich überweise die Miete jeden Monat.	Tháng nào tôi cũng chuyển khoản tiền thuê nhà.	überweise
4	der Dauerauftrag, ¨e	Nomen	B1	lệnh chuyển khoản định kỳ	standing order	ˈdaʊ̯ɐʔaʊ̯fˌtʁaːk	Für die Miete richte ich einen Dauerauftrag ein.	Tôi cài lệnh chuyển khoản định kỳ cho tiền thuê nhà.	Dauerauftrag
4	die IBAN, -s	Nomen	A2	số IBAN (số tài khoản quốc tế)	IBAN	ˈiːban	Bitte schreiben Sie Ihre IBAN auf das Formular.	Vui lòng ghi số IBAN của bạn vào mẫu đơn.	IBAN
4	die Kontonummer, -n	Nomen	A2	số tài khoản	account number	ˈkɔntoˌnʊmɐ	Ihre Kontonummer steht in der IBAN.	Số tài khoản của bạn nằm trong số IBAN.	Kontonummer
4	die Bankkarte, -n	Nomen	A2	thẻ ngân hàng	bank card	ˈbaŋkˌkaʁtə	Kann ich mit Bankkarte bezahlen?	Tôi trả bằng thẻ ngân hàng được không?	Bankkarte
4	der Geldautomat, -en	Nomen	A2	máy rút tiền (ATM)	cash machine	ˈɡɛltʔaʊ̯toˌmaːt	Der Geldautomat ist direkt neben dem Eingang.	Máy rút tiền ở ngay cạnh lối vào.	Geldautomat
4	abheben	Verb	A2	rút (tiền)	to withdraw	ˈapˌheːbn̩	Ich hebe am Automaten 100 Euro ab.	Tôi rút 100 euro ở máy.	hebe
4	das Bargeld (Sg.)	Nomen	A2	tiền mặt	cash	ˈbaːɐ̯ˌɡɛlt	In manchen kleinen Cafés zahlt man nur mit Bargeld.	Ở một số quán cà phê nhỏ chỉ trả được bằng tiền mặt.	Bargeld
4	der Kontoauszug, ¨e	Nomen	B1	sao kê tài khoản	bank statement	ˈkɔntoˌʔaʊ̯stsuːk	Den Kontoauszug kann ich online herunterladen.	Tôi có thể tải sao kê tài khoản trên mạng.	Kontoauszug
4	die Kontoführungsgebühr, -en	Nomen	B1	phí duy trì tài khoản	account maintenance fee	ˈkɔntofyːʁʊŋsɡəˌbyːɐ̯	Diese Bank verlangt keine Kontoführungsgebühr.	Ngân hàng này không thu phí duy trì tài khoản.	Kontoführungsgebühr
4	die Lastschrift, -en	Nomen	B1	ghi nợ tự động (bên bán tự trừ tiền)	direct debit	ˈlastˌʃʁɪft	Der Handyvertrag wird per Lastschrift bezahlt.	Hợp đồng điện thoại được thanh toán bằng ghi nợ tự động.	Lastschrift
4	das Gehalt, ¨er	Nomen	A2	lương	salary	ɡəˈhalt	Das Gehalt kommt am Ende des Monats.	Lương về vào cuối tháng.	Gehalt
4	der Betrag, ¨e	Nomen	B1	số tiền	amount	bəˈtʁaːk	Bitte überweisen Sie den Betrag bis Freitag.	Vui lòng chuyển số tiền này trước thứ Sáu.	Betrag
4	die Rechnung, -en	Nomen	A1	hóa đơn	bill, invoice	ˈʁɛçnʊŋ	Die Rechnung muss innerhalb von 14 Tagen bezahlt werden.	Hóa đơn phải được thanh toán trong vòng 14 ngày.	Rechnung
4	die Mahnung, -en	Nomen	B1	thư nhắc nợ	payment reminder	ˈmaːnʊŋ	Ich habe die Rechnung vergessen und jetzt eine Mahnung bekommen.	Tôi quên trả hóa đơn và giờ nhận thư nhắc nợ.	Mahnung
4	die Geheimzahl, -en	Nomen	A2	mã PIN	PIN	ɡəˈhaɪ̯mˌtsaːl	Geben Sie Ihre Geheimzahl ein.	Hãy nhập mã PIN của bạn.	Geheimzahl
4	sparen	Verb	A2	tiết kiệm	to save	ˈʃpaːʁən	Wir sparen für den Urlaub.	Chúng tôi tiết kiệm tiền cho kỳ nghỉ.	sparen
4	bar	Adjektiv/Adverb	A2	bằng tiền mặt	in cash	baːɐ̯	Zahlen Sie bar oder mit Karte?	Bạn trả tiền mặt hay bằng thẻ?	bar
4	der Kredit, -e	Nomen	B1	khoản vay	loan, credit	kʁeˈdiːt	Für das Auto haben wir einen Kredit aufgenommen.	Chúng tôi đã vay tiền để mua xe.	Kredit
4	die Schufa (Sg.)	Nomen	B1	Schufa (trung tâm thông tin tín dụng)	credit agency (Schufa)	ˈʃuːfa	Viele Vermieter wollen eine Auskunft von der Schufa sehen.	Nhiều chủ nhà muốn xem giấy xác nhận tín dụng của Schufa.	Schufa
4	das Onlinebanking (Sg.)	Nomen	A2	ngân hàng trực tuyến	online banking	ˈɔnlaɪ̯nˌbɛŋkɪŋ	Mit Onlinebanking erledige ich alles am Handy.	Với ngân hàng trực tuyến, tôi làm mọi việc trên điện thoại.	Onlinebanking
#LESSON	5	Đi lại bằng tàu xe	A2	Deutschlandticket, Gleis, Verspätung - đi tàu, xe buýt và đổi chuyến.
5	der Bahnhof, ¨e	Nomen	A1	nhà ga	station	ˈbaːnˌhoːf	Wie komme ich zum Bahnhof?	Đến nhà ga đi đường nào?	Bahnhof
5	der Hauptbahnhof, ¨e	Nomen	A1	ga trung tâm	main station	ˈhaʊ̯ptˌbaːnhoːf	Der Zug fährt um 9 Uhr vom Hauptbahnhof ab.	Tàu khởi hành từ ga trung tâm lúc 9 giờ.	Hauptbahnhof
5	das Gleis, -e	Nomen	A1	đường ray (số…), sân ga	platform, track	ɡlaɪ̯s	Der Zug nach München fährt von Gleis 7.	Tàu đi München chạy từ đường ray số 7.	Gleis
5	die Verspätung, -en	Nomen	A2	sự chậm trễ	delay	fɛɐ̯ˈʃpɛːtʊŋ	Der Zug hat 20 Minuten Verspätung.	Tàu bị trễ 20 phút.	Verspätung
5	der Anschluss, ¨e	Nomen	B1	chuyến nối (tàu xe)	connection	ˈanˌʃlʊs	Wegen der Verspätung habe ich meinen Anschluss verpasst.	Vì tàu trễ nên tôi lỡ chuyến nối.	Anschluss
5	umsteigen	Verb	A1	đổi tàu, đổi xe	to change (trains)	ˈʊmˌʃtaɪ̯ɡn̩	In Frankfurt müssen Sie umsteigen.	Bạn phải đổi tàu ở Frankfurt.	umsteigen
5	die Fahrkarte, -n	Nomen	A1	vé (tàu xe)	ticket	ˈfaːɐ̯ˌkaʁtə	Die Fahrkarte kann man auch in der App kaufen.	Cũng có thể mua vé trên ứng dụng.	Fahrkarte
5	das Deutschlandticket, -s	Nomen	A2	vé Deutschlandticket (vé tháng đi tàu xe khu vực toàn nước Đức)	Germany-wide monthly ticket	ˈdɔɪ̯tʃlantˌtɪkət	Mit dem Deutschlandticket fahre ich mit allen Regionalzügen.	Với vé Deutschlandticket tôi đi được mọi tàu khu vực.	Deutschlandticket
5	entwerten	Verb	B1	dập vé (để vé có hiệu lực)	to validate (a ticket)	ɛntˈveːɐ̯tn̩	Vergessen Sie nicht, die Fahrkarte zu entwerten.	Đừng quên dập vé.	entwerten
5	die Haltestelle, -n	Nomen	A1	trạm dừng (xe buýt, tàu điện)	stop	ˈhaltəˌʃtɛlə	Ich warte an der Haltestelle auf den Bus.	Tôi đợi xe buýt ở trạm.	Haltestelle
5	die S-Bahn, -en	Nomen	A1	tàu S-Bahn (tàu điện đô thị)	suburban train	ˈɛsˌbaːn	Die S-Bahn fährt alle zehn Minuten.	Cứ mười phút có một chuyến S-Bahn.	S-Bahn
5	die U-Bahn, -en	Nomen	A1	tàu điện ngầm	underground, subway	ˈuːˌbaːn	Mit der U-Bahn bin ich in fünf Minuten im Zentrum.	Đi tàu điện ngầm năm phút là tôi tới trung tâm.	U-Bahn
5	der Fahrplan, ¨e	Nomen	A2	lịch chạy tàu xe	timetable	ˈfaːɐ̯ˌplaːn	Laut Fahrplan kommt der Bus um 8.15 Uhr.	Theo lịch, xe buýt đến lúc 8 giờ 15.	Fahrplan
5	ausfallen	Verb	B1	bị hủy (chuyến)	to be cancelled	ˈaʊ̯sˌfalən	Der Zug fällt heute wegen eines Streiks aus.	Hôm nay chuyến tàu bị hủy vì đình công.	fällt
5	der Streik, -s	Nomen	B1	cuộc đình công	strike	ʃtʁaɪ̯k	Wegen des Streiks fahren heute kaum Züge.	Vì đình công nên hôm nay hầu như không có tàu.	Streiks
5	die Kontrolle, -n	Nomen	A2	sự kiểm tra, soát vé	inspection, check	kɔnˈtʁɔlə	Bei der Kontrolle hatte ich kein Ticket.	Lúc soát vé tôi không có vé.	Kontrolle
5	schwarzfahren	Verb	B1	đi tàu xe không mua vé	to ride without a ticket	ˈʃvaʁtsˌfaːʁən	Wer schwarzfährt, muss 60 Euro zahlen.	Ai đi không vé phải trả 60 euro.	schwarzfährt
5	die Abfahrt, -en	Nomen	A1	sự khởi hành, giờ khởi hành	departure	ˈapˌfaːɐ̯t	Die Abfahrt ist um 10.30 Uhr.	Giờ khởi hành là 10 giờ 30.	Abfahrt
5	die Ankunft, ¨e	Nomen	A1	sự đến, giờ đến	arrival	ˈanˌkʊnft	Die Ankunft in Köln ist um 14 Uhr.	Giờ đến Köln là 14 giờ.	Ankunft
5	der Fahrradweg, -e	Nomen	A2	đường dành cho xe đạp	cycle path	ˈfaːɐ̯ʁaːtˌveːk	Bitte fahren Sie auf dem Fahrradweg.	Vui lòng đi trên đường dành cho xe đạp.	Fahrradweg
5	der Führerschein, -e	Nomen	A2	bằng lái xe	driving licence	ˈfyːʁɐˌʃaɪ̯n	Ich mache gerade den Führerschein.	Tôi đang học lấy bằng lái xe.	Führerschein
5	die Ampel, -n	Nomen	A1	đèn giao thông	traffic light	ˈampl̩	An der Ampel muss man bei Rot warten.	Ở đèn giao thông, khi đèn đỏ phải dừng chờ.	Ampel
5	der Fahrgast, ¨e	Nomen	B1	hành khách	passenger	ˈfaːɐ̯ˌɡast	Die Fahrgäste müssen hier leider aussteigen.	Rất tiếc hành khách phải xuống tàu ở đây.	Fahrgäste
5	pünktlich	Adjektiv/Adverb	A2	đúng giờ	on time, punctual	ˈpʏŋktlɪç	Der Bus war heute pünktlich.	Hôm nay xe buýt đến đúng giờ.	pünktlich
5	die Durchsage, -n	Nomen	B1	thông báo (qua loa)	announcement	ˈdʊʁçˌzaːɡə	Achtung, eine Durchsage: Dieser Zug endet hier.	Chú ý, có thông báo: tàu này dừng tuyến tại đây.	Durchsage
#LESSON	6	Siêu thị và phân loại rác	A2	Pfand, Biomüll, Gelber Sack - đi chợ và đổ rác đúng cách.
6	der Supermarkt, ¨e	Nomen	A1	siêu thị	supermarket	ˈzuːpɐˌmaʁkt	Der Supermarkt ist bis 22 Uhr geöffnet.	Siêu thị mở cửa đến 22 giờ.	Supermarkt
6	die Kasse, -n	Nomen	A1	quầy thu ngân	checkout	ˈkasə	An der Kasse ist eine lange Schlange.	Ở quầy thu ngân có hàng dài.	Kasse
6	der Kassenbon, -s	Nomen	A2	hóa đơn mua hàng	receipt	ˈkasn̩ˌbɔŋ	Brauchen Sie den Kassenbon?	Bạn có cần hóa đơn không?	Kassenbon
6	das Pfand (Sg.)	Nomen	A2	tiền cọc (chai lọ)	deposit (on bottles)	pfant	Auf diese Flasche gibt es 25 Cent Pfand.	Chai này có tiền cọc 25 xu.	Pfand
6	der Pfandautomat, -en	Nomen	A2	máy trả vỏ chai	bottle return machine	ˈpfantʔaʊ̯toˌmaːt	Die leeren Flaschen bringe ich zum Pfandautomaten.	Tôi mang chai rỗng tới máy trả vỏ chai.	Pfandautomaten
6	die Pfandflasche, -n	Nomen	A2	chai có tiền cọc	deposit bottle	ˈpfantˌflaʃə	Pfandflaschen gehören nicht in den Müll.	Không được vứt chai có cọc vào thùng rác.	Pfandflaschen
6	das Angebot, -e	Nomen	A2	hàng khuyến mãi, ưu đãi	special offer	ˈanɡəˌboːt	Die Äpfel sind diese Woche im Angebot.	Tuần này táo đang khuyến mãi.	Angebot
6	die Tüte, -n	Nomen	A1	túi (đựng hàng)	bag	ˈtyːtə	Brauchen Sie eine Tüte?	Bạn có cần túi không?	Tüte
6	die Mülltrennung (Sg.)	Nomen	A2	việc phân loại rác	waste separation	ˈmʏlˌtʁɛnʊŋ	In Deutschland ist Mülltrennung sehr wichtig.	Ở Đức việc phân loại rác rất quan trọng.	Mülltrennung
6	trennen	Verb	A2	tách ra, phân loại	to separate	ˈtʁɛnən	Wir trennen Papier, Glas und Plastik.	Chúng tôi phân loại giấy, thủy tinh và nhựa.	trennen
6	der Biomüll (Sg.)	Nomen	A2	rác hữu cơ	organic waste	ˈbiːoˌmʏl	Kartoffelschalen kommen in den Biomüll.	Vỏ khoai tây bỏ vào thùng rác hữu cơ.	Biomüll
6	der Restmüll (Sg.)	Nomen	A2	rác thải còn lại (không tái chế)	residual waste	ˈʁɛstˌmʏl	Windeln gehören in den Restmüll.	Tã bỏ vào thùng rác thải còn lại.	Restmüll
6	der Gelbe Sack	Nomen	A2	túi vàng (đựng rác bao bì: nhựa, kim loại)	yellow bag (packaging waste)	ˈɡɛlbə ˈzak	Joghurtbecher kommen in den Gelben Sack.	Hộp sữa chua bỏ vào túi vàng.	Gelben Sack
6	die Mülltonne, -n	Nomen	A2	thùng rác	bin	ˈmʏlˌtɔnə	Die Mülltonnen werden jeden Dienstag geleert.	Các thùng rác được đổ vào thứ Ba hằng tuần.	Mülltonnen
6	der Altglascontainer, -	Nomen	B1	thùng thu gom chai thủy tinh	bottle bank	ˈaltɡlaːskɔnˌteːnɐ	Am Sonntag darf man nichts in den Altglascontainer werfen.	Chủ nhật không được bỏ chai vào thùng thu gom thủy tinh.	Altglascontainer
6	das Altpapier (Sg.)	Nomen	A2	giấy cũ (để tái chế)	waste paper	ˈaltpaˌpiːɐ̯	Zeitungen und Kartons kommen ins Altpapier.	Báo và thùng các-tông bỏ vào thùng giấy cũ.	Altpapier
6	die Verpackung, -en	Nomen	A2	bao bì	packaging	fɛɐ̯ˈpakʊŋ	Ich versuche, Produkte ohne Verpackung zu kaufen.	Tôi cố gắng mua sản phẩm không có bao bì.	Verpackung
6	die Öffnungszeiten (Pl.)	Nomen	A2	giờ mở cửa	opening hours	ˈœfnʊŋsˌtsaɪ̯tn̩	Wie sind die Öffnungszeiten am Samstag?	Giờ mở cửa vào thứ Bảy thế nào?	Öffnungszeiten
6	geschlossen	Adjektiv/Adverb	A1	đóng cửa	closed	ɡəˈʃlɔsn̩	Sonntags sind die meisten Geschäfte geschlossen.	Chủ nhật hầu hết các cửa hàng đóng cửa.	geschlossen
6	die Drogerie, -n	Nomen	A2	cửa hàng hóa mỹ phẩm (Drogerie)	drugstore	dʁoɡəˈʁiː	Shampoo kaufe ich in der Drogerie.	Tôi mua dầu gội ở cửa hàng hóa mỹ phẩm.	Drogerie
6	der Einkaufswagen, -	Nomen	A2	xe đẩy mua hàng	shopping trolley	ˈaɪ̯nkaʊ̯fsˌvaːɡn̩	Für den Einkaufswagen braucht man eine Münze.	Cần một đồng xu để lấy xe đẩy.	Einkaufswagen
6	bio	Adjektiv/Adverb	A2	hữu cơ (bio)	organic	ˈbiːo	Das Gemüse ist bio und kommt aus der Region.	Rau này là hữu cơ và được trồng ở vùng lân cận.	bio
6	das Mindesthaltbarkeitsdatum, -daten	Nomen	B1	hạn sử dụng (dùng tốt nhất trước ngày)	best-before date	ˈmɪndəstˌhaltbaːɐ̯kaɪ̯tsˌdaːtʊm	Achten Sie auf das Mindesthaltbarkeitsdatum.	Hãy chú ý hạn sử dụng.	Mindesthaltbarkeitsdatum
6	umtauschen	Verb	A2	đổi (hàng đã mua)	to exchange	ˈʊmˌtaʊ̯ʃn̩	Kann ich die Hose umtauschen?	Tôi có thể đổi chiếc quần này không?	umtauschen
6	der Sperrmüll (Sg.)	Nomen	B1	đồ phế thải cồng kềnh (bàn ghế, tủ cũ…)	bulky waste	ˈʃpɛʁˌmʏl	Das alte Sofa melde ich beim Sperrmüll an.	Tôi đăng ký thu gom đồ cồng kềnh cho chiếc sofa cũ.	Sperrmüll
#LESSON	7	Đi làm và xin việc	B1	Lebenslauf, Vorstellungsgespräch, Arbeitsvertrag - tìm việc và hiểu hợp đồng.
7	die Bewerbung, -en	Nomen	A2	hồ sơ xin việc, đơn ứng tuyển	application	bəˈvɛʁbʊŋ	Ich habe schon zehn Bewerbungen geschrieben.	Tôi đã viết mười bộ hồ sơ xin việc.	Bewerbungen
7	bewerben (sich)	Verb	A2	ứng tuyển, xin việc	to apply (for a job)	bəˈvɛʁbn̩	Ich bewerbe mich als Krankenpflegerin.	Tôi ứng tuyển vị trí điều dưỡng.	bewerbe
7	der Lebenslauf, ¨e	Nomen	A2	sơ yếu lý lịch (CV)	CV, résumé	ˈleːbn̩sˌlaʊ̯f	Bitte schicken Sie uns Ihren Lebenslauf.	Vui lòng gửi cho chúng tôi sơ yếu lý lịch của bạn.	Lebenslauf
7	das Anschreiben, -	Nomen	B1	thư xin việc	cover letter	ˈanˌʃʁaɪ̯bn̩	Im Anschreiben erklären Sie, warum Sie die Stelle möchten.	Trong thư xin việc, bạn giải thích vì sao muốn vị trí này.	Anschreiben
7	das Vorstellungsgespräch, -e	Nomen	B1	buổi phỏng vấn xin việc	job interview	ˈfoːɐ̯ʃtɛlʊŋsɡəˌʃpʁɛːç	Morgen habe ich ein Vorstellungsgespräch.	Ngày mai tôi có buổi phỏng vấn xin việc.	Vorstellungsgespräch
7	die Stelle, -n	Nomen	A2	vị trí việc làm	position, job	ˈʃtɛlə	Ich suche eine Stelle als Koch.	Tôi đang tìm việc làm đầu bếp.	Stelle
7	die Stellenanzeige, -n	Nomen	B1	tin tuyển dụng	job advertisement	ˈʃtɛlənʔanˌtsaɪ̯ɡə	Ich habe die Stellenanzeige im Internet gefunden.	Tôi tìm thấy tin tuyển dụng trên mạng.	Stellenanzeige
7	der Arbeitsvertrag, ¨e	Nomen	B1	hợp đồng lao động	employment contract	ˈaʁbaɪ̯tsfɛɐ̯ˌtʁaːk	Der Arbeitsvertrag ist zunächst auf ein Jahr befristet.	Hợp đồng lao động trước mắt có thời hạn một năm.	Arbeitsvertrag
7	befristet	Adjektiv/Adverb	B1	có thời hạn	fixed-term	bəˈfʁɪstət	Mein Vertrag ist leider befristet.	Tiếc là hợp đồng của tôi có thời hạn.	befristet
7	unbefristet	Adjektiv/Adverb	B1	không thời hạn	permanent (contract)	ˈʊnbəˌfʁɪstət	Nach der Probezeit bekomme ich einen unbefristeten Vertrag.	Sau thời gian thử việc tôi được ký hợp đồng không thời hạn.	unbefristeten
7	die Probezeit, -en	Nomen	B1	thời gian thử việc	probation period	ˈpʁoːbəˌtsaɪ̯t	Die Probezeit dauert sechs Monate.	Thời gian thử việc kéo dài sáu tháng.	Probezeit
7	das Bruttogehalt, ¨er	Nomen	B1	lương trước thuế	gross salary	ˈbʁʊtoɡəˌhalt	Das Bruttogehalt beträgt 3.000 Euro im Monat.	Lương trước thuế là 3.000 euro một tháng.	Bruttogehalt
7	netto	Adjektiv/Adverb	B1	sau thuế (thực nhận)	net	ˈnɛto	Wie viel verdienen Sie netto?	Bạn thực nhận bao nhiêu sau thuế?	netto
7	die Lohnabrechnung, -en	Nomen	B1	bảng lương	payslip	ˈloːnʔapˌʁɛçnʊŋ	Auf der Lohnabrechnung sehen Sie alle Abzüge.	Trên bảng lương bạn thấy tất cả các khoản khấu trừ.	Lohnabrechnung
7	der Urlaub, -e	Nomen	A1	kỳ nghỉ, ngày nghỉ phép	holiday, leave	ˈuːɐ̯laʊ̯p	Ich habe 28 Tage Urlaub im Jahr.	Tôi có 28 ngày nghỉ phép một năm.	Urlaub
7	die Überstunde, -n	Nomen	B1	giờ làm thêm	overtime (hour)	ˈyːbɐˌʃtʊndə	Diese Woche habe ich fünf Überstunden gemacht.	Tuần này tôi làm thêm năm giờ.	Überstunden
7	die Teilzeit (Sg.)	Nomen	A2	(làm) bán thời gian	part-time	ˈtaɪ̯lˌtsaɪ̯t	Ich arbeite in Teilzeit, 20 Stunden pro Woche.	Tôi làm bán thời gian, 20 giờ một tuần.	Teilzeit
7	die Vollzeit (Sg.)	Nomen	A2	(làm) toàn thời gian	full-time	ˈfɔlˌtsaɪ̯t	Sie arbeitet in Vollzeit im Krankenhaus.	Cô ấy làm toàn thời gian ở bệnh viện.	Vollzeit
7	der Arbeitgeber, -/die Arbeitgeberin, -nen	Nomen	B1	người sử dụng lao động, chủ	employer	ˈaʁbaɪ̯tˌɡeːbɐ	Mein Arbeitgeber zahlt einen Teil des Deutschlandtickets.	Chủ của tôi trả một phần tiền vé Deutschlandticket.	Arbeitgeber
7	der Arbeitnehmer, -/die Arbeitnehmerin, -nen	Nomen	B1	người lao động	employee	ˈaʁbaɪ̯tˌneːmɐ	Arbeitnehmer haben Anspruch auf bezahlten Urlaub.	Người lao động có quyền được nghỉ phép có lương.	Arbeitnehmer
7	das Zeugnis, -se	Nomen	B1	bằng, chứng chỉ; giấy nhận xét công việc	certificate; reference	ˈtsɔɪ̯knɪs	Bitte legen Sie Ihre Zeugnisse bei.	Vui lòng gửi kèm các bằng cấp, chứng chỉ.	Zeugnisse
7	die Anerkennung, -en	Nomen	B1	sự công nhận (bằng cấp)	recognition	ˈanʔɛɐ̯ˌkɛnʊŋ	Die Anerkennung meines Diploms hat vier Monate gedauert.	Việc công nhận bằng của tôi mất bốn tháng.	Anerkennung
7	die Agentur für Arbeit	Nomen	B1	cơ quan việc làm (Agentur für Arbeit)	Federal Employment Agency	aɡɛnˈtuːɐ̯ fyːɐ̯ ˈaʁbaɪ̯t	Die Agentur für Arbeit hilft bei der Jobsuche.	Cơ quan việc làm hỗ trợ tìm việc.	Agentur für Arbeit
7	der Kollege, -n/die Kollegin, -nen	Nomen	A1	đồng nghiệp	colleague	kɔˈleːɡə	Meine Kollegen sind sehr nett.	Đồng nghiệp của tôi rất dễ mến.	Kollegen
7	die Schicht, -en	Nomen	B1	ca làm việc	shift	ʃɪçt	Meine Schicht beginnt um sechs Uhr.	Ca làm của tôi bắt đầu lúc sáu giờ.	Schicht
#LESSON	8	Gọi điện và khẩn cấp	A2	Notruf 112, Krankenwagen, Feuerwehr - gọi điện thoại và xử lý tình huống khẩn cấp.
8	der Notruf, -e	Nomen	A2	cuộc gọi khẩn cấp; số khẩn cấp	emergency call	ˈnoːtˌʁuːf	Den Notruf 112 kann man kostenlos wählen.	Có thể gọi miễn phí số khẩn cấp 112.	Notruf
8	der Krankenwagen, -	Nomen	A2	xe cứu thương	ambulance	ˈkʁaŋkn̩ˌvaːɡn̩	Rufen Sie bitte sofort einen Krankenwagen!	Hãy gọi ngay xe cứu thương!	Krankenwagen
8	die Feuerwehr, -en	Nomen	A2	đội cứu hỏa	fire brigade	ˈfɔɪ̯ɐˌveːɐ̯	Die Feuerwehr war nach fünf Minuten da.	Đội cứu hỏa có mặt sau năm phút.	Feuerwehr
8	die Polizei (Sg.)	Nomen	A1	cảnh sát	police	poliˈtsaɪ̯	Die Polizei erreichen Sie unter 110.	Bạn gọi cảnh sát theo số 110.	Polizei
8	der Unfall, ¨e	Nomen	A2	tai nạn	accident	ˈʊnfal	Auf der Autobahn gab es einen Unfall.	Trên đường cao tốc đã xảy ra tai nạn.	Unfall
8	verletzt	Adjektiv/Adverb	A2	bị thương	injured	fɛɐ̯ˈlɛtst	Ist jemand verletzt?	Có ai bị thương không?	verletzt
8	die Notaufnahme, -n	Nomen	B1	khoa cấp cứu	emergency department	ˈnoːtʔaʊ̯fˌnaːmə	In der Notaufnahme musste ich drei Stunden warten.	Ở khoa cấp cứu tôi phải chờ ba tiếng.	Notaufnahme
8	der Bereitschaftsdienst, -e	Nomen	B1	dịch vụ bác sĩ trực (ngoài giờ)	out-of-hours (medical) service	bəˈʁaɪ̯tʃaftsˌdiːnst	Nachts erreichen Sie den ärztlichen Bereitschaftsdienst unter 116 117.	Ban đêm bạn gọi dịch vụ bác sĩ trực theo số 116 117.	Bereitschaftsdienst
8	Hilfe!	Redewendung	A1	Cứu với!	Help!	ˈhɪlfə	Hilfe! Mein Nachbar ist gestürzt.	Cứu với! Hàng xóm của tôi bị ngã.	Hilfe
8	anrufen	Verb	A1	gọi điện	to call	ˈanˌʁuːfn̩	Ich rufe dich heute Abend an.	Tối nay tôi gọi cho bạn.	rufe
8	zurückrufen	Verb	A2	gọi lại	to call back	tsuˈʁʏkˌʁuːfn̩	Können Sie mich bitte zurückrufen?	Bạn có thể gọi lại cho tôi được không?	zurückrufen
8	die Mailbox, -en	Nomen	A2	hộp thư thoại	voicemail	ˈmeːlˌbɔks	Ich habe Ihnen eine Nachricht auf der Mailbox hinterlassen.	Tôi đã để lại tin nhắn trong hộp thư thoại của bạn.	Mailbox
8	erreichen	Verb	A2	liên lạc được; đến kịp	to reach	ɛɐ̯ˈʁaɪ̯çn̩	Ich kann meinen Vermieter nicht erreichen.	Tôi không liên lạc được với chủ nhà.	erreichen
8	besetzt	Adjektiv/Adverb	A2	(máy) bận; (chỗ) có người	busy, occupied	bəˈzɛtst	Die Leitung ist besetzt.	Máy đang bận.	besetzt
8	verbinden	Verb	A2	nối máy; kết nối	to put through, to connect	fɛɐ̯ˈbɪndn̩	Einen Moment, ich verbinde Sie mit Frau Weber.	Xin chờ một chút, tôi nối máy cho bạn với bà Weber.	verbinde
8	die Vorwahl, -en	Nomen	A2	mã vùng, mã quốc gia	dialling code	ˈfoːɐ̯ˌvaːl	Die Vorwahl von Vietnam ist 0084.	Mã quốc gia của Việt Nam là 0084.	Vorwahl
8	buchstabieren	Verb	A1	đánh vần	to spell	buːxʃtaˈbiːʁən	Können Sie Ihren Namen bitte buchstabieren?	Bạn có thể đánh vần tên mình được không?	buchstabieren
8	der Feuerlöscher, -	Nomen	B1	bình chữa cháy	fire extinguisher	ˈfɔɪ̯ɐˌlœʃɐ	Der Feuerlöscher hängt im Flur.	Bình chữa cháy treo ở hành lang.	Feuerlöscher
8	der Rauchmelder, -	Nomen	B1	thiết bị báo khói	smoke detector	ˈʁaʊ̯xˌmɛldɐ	In jedem Schlafzimmer muss ein Rauchmelder hängen.	Phòng ngủ nào cũng phải lắp thiết bị báo khói.	Rauchmelder
8	der Diebstahl, ¨e	Nomen	B1	vụ trộm	theft	ˈdiːpˌʃtaːl	Ich möchte einen Diebstahl melden.	Tôi muốn trình báo một vụ trộm.	Diebstahl
8	die Anzeige, -n	Nomen	B1	đơn trình báo (với cảnh sát); quảng cáo	police report; advertisement	ˈanˌtsaɪ̯ɡə	Ich habe bei der Polizei Anzeige erstattet.	Tôi đã trình báo với cảnh sát.	Anzeige
8	der Schlüsseldienst, -e	Nomen	B1	dịch vụ mở khóa	locksmith service	ˈʃlʏsl̩ˌdiːnst	Ich habe mich ausgesperrt und rufe den Schlüsseldienst.	Tôi bị khóa ngoài nên gọi dịch vụ mở khóa.	Schlüsseldienst
8	die Erste Hilfe (Sg.)	Nomen	A2	sơ cứu	first aid	ˈeːɐ̯stə ˈhɪlfə	Für den Führerschein braucht man einen Kurs in Erster Hilfe.	Để thi bằng lái cần học một khóa sơ cứu.	Erster Hilfe
8	bewusstlos	Adjektiv/Adverb	B1	bất tỉnh	unconscious	bəˈvʊstloːs	Der Mann ist bewusstlos.	Người đàn ông bị bất tỉnh.	bewusstlos
8	der Rettungsdienst, -e	Nomen	B1	dịch vụ cấp cứu	rescue service	ˈʁɛtʊŋsˌdiːnst	Der Rettungsdienst ist rund um die Uhr erreichbar.	Dịch vụ cấp cứu hoạt động suốt ngày đêm.	Rettungsdienst
